,Class,Prob1,Prob0,V1,V2
46,1,0.999999999854049,1.4595094902311835e-10,P11802,CDK4_HUMAN Cyclin-dependent kinase 4 OS=Homo sapiens OX=9606 GN=CDK4 PE=1 SV=2
132,1,0.9999999993705557,6.294443673591153e-10,P61966,AP1S1_HUMAN AP-1 complex subunit sigma-1A OS=Homo sapiens OX=9606 GN=AP1S1 PE=1 SV=1
183,1,0.9999999989472454,1.0527546255013779e-09,Q07864,DPOE1_HUMAN DNA polymerase epsilon catalytic subunit A OS=Homo sapiens OX=9606 GN=POLE PE=1 SV=5
172,1,0.9999999878706999,1.2129300075397718e-08,O75330,HMMR_HUMAN Hyaluronan mediated motility receptor OS=Homo sapiens OX=9606 GN=HMMR PE=1 SV=2
93,1,0.9999999789542373,2.1045762587661955e-08,P46777,RL5_HUMAN 60S ribosomal protein L5 OS=Homo sapiens OX=9606 GN=RPL5 PE=1 SV=3
51,1,0.999999974031044,2.596895594973404e-08,Q86YC2,PALB2_HUMAN Partner and localizer of BRCA2 OS=Homo sapiens OX=9606 GN=PALB2 PE=1 SV=1
30,1,0.9999999732987256,2.670127432286978e-08,P01033,TIMP1_HUMAN Metalloproteinase inhibitor 1 OS=Homo sapiens OX=9606 GN=TIMP1 PE=1 SV=1
32,1,0.9999999732987256,2.670127432286978e-08,P35268,RL22_HUMAN 60S ribosomal protein L22 OS=Homo sapiens OX=9606 GN=RPL22 PE=1 SV=2
14,1,0.9999999376530638,6.234693624006449e-08,P19838,NFKB1_HUMAN Nuclear factor NF-kappa-B p105 subunit OS=Homo sapiens OX=9606 GN=NFKB1 PE=1 SV=2
86,1,0.9999999375525243,6.244747577721821e-08,P11388,TOP2A_HUMAN DNA topoisomerase 2-alpha OS=Homo sapiens OX=9606 GN=TOP2A PE=1 SV=3
45,1,0.9999999290218761,7.09781238768143e-08,P35222,CTNB1_HUMAN Catenin beta-1 OS=Homo sapiens OX=9606 GN=CTNNB1 PE=1 SV=1
144,1,0.999999917540116,8.245988396176974e-08,P51587,BRCA2_HUMAN Breast cancer type 2 susceptibility protein OS=Homo sapiens OX=9606 GN=BRCA2 PE=1 SV=3
100,1,0.9999998897923417,1.1020765832995056e-07,P21675,TAF1_HUMAN Transcription initiation factor TFIID subunit 1 OS=Homo sapiens OX=9606 GN=TAF1 PE=1 SV=2
173,1,0.9999998738644091,1.2613559084248833e-07,P40692,MLH1_HUMAN DNA mismatch repair protein Mlh1 OS=Homo sapiens OX=9606 GN=MLH1 PE=1 SV=1
220,1,0.999999812860878,1.871391219519685e-07,P15559,NQO1_HUMAN NAD(P)H dehydrogenase [quinone] 1 OS=Homo sapiens OX=9606 GN=NQO1 PE=1 SV=1
110,1,0.999999780720627,2.192793730093576e-07,Q13472,TOP3A_HUMAN DNA topoisomerase 3-alpha OS=Homo sapiens OX=9606 GN=TOP3A PE=1 SV=1
166,1,0.9999997626378161,2.3736218385224962e-07,P27986,P85A_HUMAN Phosphatidylinositol 3-kinase regulatory subunit alpha OS=Homo sapiens OX=9606 GN=PIK3R1 PE=1 SV=2
108,1,0.9999996924417712,3.075582288208679e-07,P23921,RIR1_HUMAN Ribonucleoside-diphosphate reductase large subunit OS=Homo sapiens OX=9606 GN=RRM1 PE=1 SV=1
101,1,0.9999996645672666,3.3543273339023226e-07,P12830,CADH1_HUMAN Cadherin-1 OS=Homo sapiens OX=9606 GN=CDH1 PE=1 SV=3
66,1,0.9999996455033572,3.5449664284324676e-07,P08253,MMP2_HUMAN 72 kDa type IV collagenase OS=Homo sapiens OX=9606 GN=MMP2 PE=1 SV=2
201,1,0.9999996190829278,3.809170721988659e-07,Q9UNQ0,ABCG2_HUMAN ATP-binding cassette sub-family G member 2 OS=Homo sapiens OX=9606 GN=ABCG2 PE=1 SV=3
205,1,0.9999995688906614,4.3110933849001834e-07,P05412,JUN_HUMAN Transcription factor AP-1 OS=Homo sapiens OX=9606 GN=JUN PE=1 SV=2
43,1,0.9999993151051794,6.848948205691311e-07,P06213,INSR_HUMAN Insulin receptor OS=Homo sapiens OX=9606 GN=INSR PE=1 SV=4
33,1,0.9999993027741811,6.972258189170923e-07,Q12882,DPYD_HUMAN Dihydropyrimidine dehydrogenase [NADP(+)] OS=Homo sapiens OX=9606 GN=DPYD PE=1 SV=2
229,1,0.9999992755328705,7.24467129444246e-07,P11362,FGFR1_HUMAN Fibroblast growth factor receptor 1 OS=Homo sapiens OX=9606 GN=FGFR1 PE=1 SV=3
226,1,0.9999991920451293,8.079548706232218e-07,P21802,FGFR2_HUMAN Fibroblast growth factor receptor 2 OS=Homo sapiens OX=9606 GN=FGFR2 PE=1 SV=1
122,1,0.9999991204184236,8.795815763259087e-07,Q92887,MRP2_HUMAN Canalicular multispecific organic anion transporter 1 OS=Homo sapiens OX=9606 GN=ABCC2 PE=1 SV=3
54,1,0.9999991064074761,8.935925238124247e-07,P08183,MDR1_HUMAN ATP-dependent translocase ABCB1 OS=Homo sapiens OX=9606 GN=ABCB1 PE=1 SV=3
198,1,0.9999989857258617,1.014274138407704e-06,Q9BX63,FANCJ_HUMAN Fanconi anemia group J protein OS=Homo sapiens OX=9606 GN=BRIP1 PE=1 SV=2
225,1,0.9999989819237348,1.0180762651959833e-06,Q8N726,ARF_HUMAN Tumor suppressor ARF OS=Homo sapiens OX=9606 GN=CDKN2A PE=1 SV=2
25,1,0.9999986195738753,1.3804261246902085e-06,O75533,SF3B1_HUMAN Splicing factor 3B subunit 1 OS=Homo sapiens OX=9606 GN=SF3B1 PE=1 SV=3
113,1,0.99999858481304,1.4151869599724983e-06,Q14565,DMC1_HUMAN Meiotic recombination protein DMC1/LIM15 homolog OS=Homo sapiens OX=9606 GN=DMC1 PE=1 SV=2
121,1,0.9999969591286462,3.040871353766575e-06,P00519,ABL1_HUMAN Tyrosine-protein kinase ABL1 OS=Homo sapiens OX=9606 GN=ABL1 PE=1 SV=4
214,1,0.9999968501037658,3.1498962341538553e-06,P10145,IL8_HUMAN Interleukin-8 OS=Homo sapiens OX=9606 GN=CXCL8 PE=1 SV=1
210,1,0.9999959376616154,4.062338384570497e-06,P03372,ESR1_HUMAN Estrogen receptor OS=Homo sapiens OX=9606 GN=ESR1 PE=1 SV=2
24,1,0.9999949193176897,5.080682310350469e-06,P07949,RET_HUMAN Proto-oncogene tyrosine-protein kinase receptor Ret OS=Homo sapiens OX=9606 GN=RET PE=1 SV=3
162,1,0.9999938212062044,6.178793795588029e-06,P22455,FGFR4_HUMAN Fibroblast growth factor receptor 4 OS=Homo sapiens OX=9606 GN=FGFR4 PE=1 SV=2
73,1,0.9999912169812403,8.783018759631886e-06,P04626,ERBB2_HUMAN Receptor tyrosine-protein kinase erbB-2 OS=Homo sapiens OX=9606 GN=ERBB2 PE=1 SV=1
103,1,0.9999911979493799,8.80205062015733e-06,P12931,SRC_HUMAN Proto-oncogene tyrosine-protein kinase Src OS=Homo sapiens OX=9606 GN=SRC PE=1 SV=3
164,1,0.9999911884780939,8.811521906131989e-06,O14788,TNF11_HUMAN Tumor necrosis factor ligand superfamily member 11 OS=Homo sapiens OX=9606 GN=TNFSF11 PE=1 SV=1
133,1,0.9999911842212189,8.815778781180294e-06,P15692,VEGFA_HUMAN Vascular endothelial growth factor A OS=Homo sapiens OX=9606 GN=VEGFA PE=1 SV=2
99,1,0.9999911780948624,8.821905137499237e-06,P29474,NOS3_HUMAN Nitric oxide synthase_ endothelial OS=Homo sapiens OX=9606 GN=NOS3 PE=1 SV=4
53,1,0.9999911716488085,8.828351191502619e-06,Q92731,ESR2_HUMAN Estrogen receptor beta OS=Homo sapiens OX=9606 GN=ESR2 PE=1 SV=2
221,1,0.9999911679900233,8.832009976722478e-06,P09038,FGF2_HUMAN Fibroblast growth factor 2 OS=Homo sapiens OX=9606 GN=FGF2 PE=1 SV=3
71,1,0.9999911674846366,8.832515363500786e-06,P24385,CCND1_HUMAN G1/S-specific cyclin-D1 OS=Homo sapiens OX=9606 GN=CCND1 PE=1 SV=1
98,1,0.999991164770602,8.835229397910086e-06,O60674,JAK2_HUMAN Tyrosine-protein kinase JAK2 OS=Homo sapiens OX=9606 GN=JAK2 PE=1 SV=2
125,1,0.9999911634142807,8.836585719197139e-06,P01133,EGF_HUMAN Pro-epidermal growth factor OS=Homo sapiens OX=9606 GN=EGF PE=1 SV=2
89,1,0.9999911599026394,8.840097360584042e-06,P06239,LCK_HUMAN Tyrosine-protein kinase Lck OS=Homo sapiens OX=9606 GN=LCK PE=1 SV=6
158,1,0.9999911580407244,8.841959275654344e-06,Q9H4B7,TBB1_HUMAN Tubulin beta-1 chain OS=Homo sapiens OX=9606 GN=TUBB1 PE=1 SV=1
187,1,0.9999911522467521,8.847753247910157e-06,P14780,MMP9_HUMAN Matrix metalloproteinase-9 OS=Homo sapiens OX=9606 GN=MMP9 PE=1 SV=3
117,1,0.9999911510688965,8.84893110352806e-06,Q15303,ERBB4_HUMAN Receptor tyrosine-protein kinase erbB-4 OS=Homo sapiens OX=9606 GN=ERBB4 PE=1 SV=1
155,1,0.9999911399575403,8.860042459708463e-06,P05121,PAI1_HUMAN Plasminogen activator inhibitor 1 OS=Homo sapiens OX=9606 GN=SERPINE1 PE=1 SV=1
85,1,0.9999911215869192,8.878413080901921e-06,P10275,ANDR_HUMAN Androgen receptor OS=Homo sapiens OX=9606 GN=AR PE=1 SV=3
23,1,0.9999896016152514,1.039838474856466e-05,P10415,BCL2_HUMAN Apoptosis regulator Bcl-2 OS=Homo sapiens OX=9606 GN=BCL2 PE=1 SV=2
19,1,0.9999859436422622,1.4056357737821261e-05,P35240,MERL_HUMAN Merlin OS=Homo sapiens OX=9606 GN=NF2 PE=1 SV=1
189,1,0.9999859073992339,1.4092600766154897e-05,Q9NQV7,PRDM9_HUMAN Histone-lysine N-methyltransferase PRDM9 OS=Homo sapiens OX=9606 GN=PRDM9 PE=1 SV=2
37,1,0.9970657945859426,0.0029342054140575695,P22310,UD14_HUMAN UDP-glucuronosyltransferase 1-4 OS=Homo sapiens OX=9606 GN=UGT1A4 PE=1 SV=1
52,1,0.9970098093465963,0.0029901906534035997,Q14790,CASP8_HUMAN Caspase-8 OS=Homo sapiens OX=9606 GN=CASP8 PE=1 SV=1
118,1,0.9969841441676527,0.003015855832347221,Q9BVP2,GNL3_HUMAN Guanine nucleotide-binding protein-like 3 OS=Homo sapiens OX=9606 GN=GNL3 PE=1 SV=2
163,1,0.9968309155354318,0.0031690844645684184,P00533,EGFR_HUMAN Epidermal growth factor receptor OS=Homo sapiens OX=9606 GN=EGFR PE=1 SV=2
39,1,0.996484508864415,0.0035154911355849148,Q13635,PTC1_HUMAN Protein patched homolog 1 OS=Homo sapiens OX=9606 GN=PTCH1 PE=1 SV=2
127,1,0.9963576749185687,0.003642325081431454,O15439,MRP4_HUMAN Multidrug resistance-associated protein 4 OS=Homo sapiens OX=9606 GN=ABCC4 PE=1 SV=3
44,1,0.9956571895286861,0.004342810471314237,Q8NF50,DOCK8_HUMAN Dedicator of cytokinesis protein 8 OS=Homo sapiens OX=9606 GN=DOCK8 PE=1 SV=3
61,1,0.9950338343616886,0.004966165638311507,P42330,AK1C3_HUMAN Aldo-keto reductase family 1 member C3 OS=Homo sapiens OX=9606 GN=AKR1C3 PE=1 SV=4
22,1,0.9947544573564703,0.005245542643529768,O00459,P85B_HUMAN Phosphatidylinositol 3-kinase regulatory subunit beta OS=Homo sapiens OX=9606 GN=PIK3R2 PE=1 SV=2
49,1,0.9937637375822831,0.00623626241771695,P19022,CADH2_HUMAN Cadherin-2 OS=Homo sapiens OX=9606 GN=CDH2 PE=1 SV=4
185,1,0.9934328901100888,0.006567109889911173,Q13315,ATM_HUMAN Serine-protein kinase ATM OS=Homo sapiens OX=9606 GN=ATM PE=1 SV=4
120,1,0.9931634798912914,0.006836520108708505,P11509,CP2A6_HUMAN Cytochrome P450 2A6 OS=Homo sapiens OX=9606 GN=CYP2A6 PE=1 SV=3
76,1,0.9930146775994068,0.0069853224005934165,P42771,CDN2A_HUMAN Cyclin-dependent kinase inhibitor 2A OS=Homo sapiens OX=9606 GN=CDKN2A PE=1 SV=2
169,1,0.9926577514591266,0.007342248540873282,P31749,AKT1_HUMAN RAC-alpha serine/threonine-protein kinase OS=Homo sapiens OX=9606 GN=AKT1 PE=1 SV=2
202,1,0.9922101422580769,0.007789857741923059,P49959,MRE11_HUMAN Double-strand break repair protein MRE11 OS=Homo sapiens OX=9606 GN=MRE11 PE=1 SV=3
31,1,0.9915212592756959,0.008478740724303985,P16422,EPCAM_HUMAN Epithelial cell adhesion molecule OS=Homo sapiens OX=9606 GN=EPCAM PE=1 SV=2
227,1,0.9914162453144204,0.008583754685579837,O60934,NBN_HUMAN Nibrin OS=Homo sapiens OX=9606 GN=NBN PE=1 SV=1
74,1,0.990975252711494,0.009024747288506078,P20813,CP2B6_HUMAN Cytochrome P450 2B6 OS=Homo sapiens OX=9606 GN=CYP2B6 PE=1 SV=1
20,1,0.990293051700169,0.009706948299830967,P16083,NQO2_HUMAN Ribosyldihydronicotinamide dehydrogenase [quinone] OS=Homo sapiens OX=9606 GN=NQO2 PE=1 SV=5
60,1,0.9902867623251713,0.009713237674828618,P04150,GCR_HUMAN Glucocorticoid receptor OS=Homo sapiens OX=9606 GN=NR3C1 PE=1 SV=1
11,1,0.990114706692549,0.009885293307450997,P54132,BLM_HUMAN Bloom syndrome protein OS=Homo sapiens OX=9606 GN=BLM PE=1 SV=1
165,1,0.9900511459987194,0.009948854001280628,Q92521,PIGB_HUMAN GPI mannosyltransferase 3 OS=Homo sapiens OX=9606 GN=PIGB PE=1 SV=1
228,1,0.9899595855246248,0.010040414475374944,P08637,FCG3A_HUMAN Low affinity immunoglobulin gamma Fc region receptor III-A OS=Homo sapiens OX=9606 GN=FCGR3A PE=1 SV=2
18,1,0.989879135958592,0.010120864041407813,P19174,PLCG1_HUMAN 1-phosphatidylinositol 4_5-bisphosphate phosphodiesterase gamma-1 OS=Homo sapiens OX=9606 GN=PLCG1 PE=1 SV=1
38,1,0.9898510603169096,0.010148939683090418,O15530,PDPK1_HUMAN 3-phosphoinositide-dependent protein kinase 1 OS=Homo sapiens OX=9606 GN=PDPK1 PE=1 SV=1
80,1,0.9894657429359333,0.010534257064066802,P54278,PMS2_HUMAN Mismatch repair endonuclease PMS2 OS=Homo sapiens OX=9606 GN=PMS2 PE=1 SV=2
134,1,0.9887724094362107,0.01122759056378926,Q6KC79,NIPBL_HUMAN Nipped-B-like protein OS=Homo sapiens OX=9606 GN=NIPBL PE=1 SV=2
161,1,0.9883537633845533,0.011646236615446625,Q01196,RUNX1_HUMAN Runt-related transcription factor 1 OS=Homo sapiens OX=9606 GN=RUNX1 PE=1 SV=3
124,1,0.98816713416298,0.011832865837019861,P55317,FOXA1_HUMAN Hepatocyte nuclear factor 3-alpha OS=Homo sapiens OX=9606 GN=FOXA1 PE=1 SV=2
140,1,0.9879876765957255,0.012012323404274543,Q13227,GPS2_HUMAN G protein pathway suppressor 2 OS=Homo sapiens OX=9606 GN=GPS2 PE=1 SV=3
104,1,0.9879066307060963,0.012093369293903535,Q86VW1,S22AG_HUMAN Solute carrier family 22 member 16 OS=Homo sapiens OX=9606 GN=SLC22A16 PE=1 SV=1
96,1,0.9878838545234631,0.01211614547653726,P10635,CP2D6_HUMAN Cytochrome P450 2D6 OS=Homo sapiens OX=9606 GN=CYP2D6 PE=1 SV=2
50,1,0.9869493408293633,0.013050659170636511,Q04206,TF65_HUMAN Transcription factor p65 OS=Homo sapiens OX=9606 GN=RELA PE=1 SV=2
209,1,0.9869422186933009,0.013057781306699132,P12318,FCG2A_HUMAN Low affinity immunoglobulin gamma Fc region receptor II-a OS=Homo sapiens OX=9606 GN=FCGR2A PE=1 SV=4
75,1,0.9861437704349407,0.013856229565059313,P24941,CDK2_HUMAN Cyclin-dependent kinase 2 OS=Homo sapiens OX=9606 GN=CDK2 PE=1 SV=2
6,1,0.9848923120929067,0.015107687907093189,P21359,NF1_HUMAN Neurofibromin OS=Homo sapiens OX=9606 GN=NF1 PE=1 SV=2
111,1,0.9843843557102855,0.015615644289714516,Q96FX8,PERP_HUMAN p53 apoptosis effector related to PMP-22 OS=Homo sapiens OX=9606 GN=PERP PE=2 SV=1
91,1,0.9843603479730596,0.015639652026940388,Q13535,ATR_HUMAN Serine/threonine-protein kinase ATR OS=Homo sapiens OX=9606 GN=ATR PE=1 SV=3
88,1,0.9841751628774837,0.015824837122516436,P27037,AVR2A_HUMAN Activin receptor type-2A OS=Homo sapiens OX=9606 GN=ACVR2A PE=1 SV=1
8,1,0.983682405795525,0.01631759420447498,P45985,MP2K4_HUMAN Dual specificity mitogen-activated protein kinase kinase 4 OS=Homo sapiens OX=9606 GN=MAP2K4 PE=1 SV=1
157,1,0.9836611898885096,0.016338810111490545,P21860,ERBB3_HUMAN Receptor tyrosine-protein kinase erbB-3 OS=Homo sapiens OX=9606 GN=ERBB3 PE=1 SV=1
36,1,0.9829905942956437,0.017009405704355978,P40763,STAT3_HUMAN Signal transducer and activator of transcription 3 OS=Homo sapiens OX=9606 GN=STAT3 PE=1 SV=2
59,1,0.9828428677219705,0.017157132278029476,Q9Y6L6,SO1B1_HUMAN Solute carrier organic anion transporter family member 1B1 OS=Homo sapiens OX=9606 GN=SLCO1B1 PE=1 SV=2
190,1,0.9821697065498126,0.0178302934501875,Q16539,MK14_HUMAN Mitogen-activated protein kinase 14 OS=Homo sapiens OX=9606 GN=MAPK14 PE=1 SV=3
42,1,0.9816465038743537,0.018353496125645928,P46063,RECQ1_HUMAN ATP-dependent DNA helicase Q1 OS=Homo sapiens OX=9606 GN=RECQL PE=1 SV=3
0,1,0.9814336721947149,0.01856632780528497,P28482,MK01_HUMAN Mitogen-activated protein kinase 1 OS=Homo sapiens OX=9606 GN=MAPK1 PE=1 SV=3
219,1,0.9791319287946337,0.020868071205366198,P27694,RFA1_HUMAN Replication protein A 70 kDa DNA-binding subunit OS=Homo sapiens OX=9606 GN=RPA1 PE=1 SV=2
216,1,0.9785871582698843,0.021412841730115605,Q99808,S29A1_HUMAN Equilibrative nucleoside transporter 1 OS=Homo sapiens OX=9606 GN=SLC29A1 PE=1 SV=3
168,1,0.978043364371762,0.02195663562823789,O15360,FANCA_HUMAN Fanconi anemia group A protein OS=Homo sapiens OX=9606 GN=FANCA PE=1 SV=2
224,1,0.9778883114819015,0.02211168851809859,P11511,CP19A_HUMAN Aromatase OS=Homo sapiens OX=9606 GN=CYP19A1 PE=1 SV=3
35,1,0.9778197409517566,0.022180259048243195,Q8IX12,CCAR1_HUMAN Cell division cycle and apoptosis regulator protein 1 OS=Homo sapiens OX=9606 GN=CCAR1 PE=1 SV=2
79,1,0.9774663106172633,0.022533689382736463,P09693,CD3G_HUMAN T-cell surface glycoprotein CD3 gamma chain OS=Homo sapiens OX=9606 GN=CD3G PE=1 SV=1
17,1,0.9770293666148472,0.0229706333851528,P01584,IL1B_HUMAN Interleukin-1 beta OS=Homo sapiens OX=9606 GN=IL1B PE=1 SV=2
40,1,0.9729739899378655,0.027026010062134384,Q14839,CHD4_HUMAN Chromodomain-helicase-DNA-binding protein 4 OS=Homo sapiens OX=9606 GN=CHD4 PE=1 SV=2
1,1,0.9701233245965178,0.02987667540348221,Q86X55,CARM1_HUMAN Histone-arginine methyltransferase CARM1 OS=Homo sapiens OX=9606 GN=CARM1 PE=1 SV=3
129,1,0.9645474862860486,0.035452513713951306,P20936,RASA1_HUMAN Ras GTPase-activating protein 1 OS=Homo sapiens OX=9606 GN=RASA1 PE=1 SV=1
3,1,0.9643568457764996,0.03564315422350042,P30153,2AAA_HUMAN Serine/threonine-protein phosphatase 2A 65 kDa regulatory subunit A alpha isoform OS=Homo sapiens OX=9606 GN=PPP2R1A PE=1 SV=4
62,1,0.962956160913307,0.037043839086693134,Q16288,NTRK3_HUMAN NT-3 growth factor receptor OS=Homo sapiens OX=9606 GN=NTRK3 PE=1 SV=2
28,1,0.9595183215170681,0.040481678482931736,Q06609,RAD51_HUMAN DNA repair protein RAD51 homolog 1 OS=Homo sapiens OX=9606 GN=RAD51 PE=1 SV=1
141,1,0.955886802532588,0.04411319746741193,Q04721,NOTC2_HUMAN Neurogenic locus notch homolog protein 2 OS=Homo sapiens OX=9606 GN=NOTCH2 PE=1 SV=3
213,1,0.9520857261071345,0.04791427389286522,O15151,MDM4_HUMAN Protein Mdm4 OS=Homo sapiens OX=9606 GN=MDM4 PE=1 SV=2
149,1,0.9505974475302774,0.049402552469722624,P01137,TGFB1_HUMAN Transforming growth factor beta-1 proprotein OS=Homo sapiens OX=9606 GN=TGFB1 PE=1 SV=2
211,1,0.9505591632639795,0.049440836736020385,Q9UIF7,MUTYH_HUMAN Adenine DNA glycosylase OS=Homo sapiens OX=9606 GN=MUTYH PE=1 SV=1
206,1,0.9475748607160808,0.05242513928391918,P01116,RASK_HUMAN GTPase KRas OS=Homo sapiens OX=9606 GN=KRAS PE=1 SV=1
208,1,0.9453215386668752,0.05467846133312465,Q02388,CO7A1_HUMAN Collagen alpha-1(VII) chain OS=Homo sapiens OX=9606 GN=COL7A1 PE=1 SV=2
145,1,0.94314897116122,0.05685102883878,P10914,IRF1_HUMAN Interferon regulatory factor 1 OS=Homo sapiens OX=9606 GN=IRF1 PE=1 SV=2
176,1,0.9425720607279159,0.05742793927208417,Q15596,NCOA2_HUMAN Nuclear receptor coactivator 2 OS=Homo sapiens OX=9606 GN=NCOA2 PE=1 SV=2
102,1,0.9341751219809502,0.06582487801904978,O14668,TMG1_HUMAN Transmembrane gamma-carboxyglutamic acid protein 1 OS=Homo sapiens OX=9606 GN=PRRG1 PE=1 SV=1
181,1,0.9340334032504954,0.06596659674950464,P30838,AL3A1_HUMAN Aldehyde dehydrogenase_ dimeric NADP-preferring OS=Homo sapiens OX=9606 GN=ALDH3A1 PE=1 SV=3
191,1,0.9331955433395531,0.06680445666044679,O96017,CHK2_HUMAN Serine/threonine-protein kinase Chk2 OS=Homo sapiens OX=9606 GN=CHEK2 PE=1 SV=1
142,1,0.9330104959624808,0.0669895040375193,Q99728,BARD1_HUMAN BRCA1-associated RING domain protein 1 OS=Homo sapiens OX=9606 GN=BARD1 PE=1 SV=2
130,1,0.9328450875886959,0.06715491241130393,P01100,FOS_HUMAN Proto-oncogene c-Fos OS=Homo sapiens OX=9606 GN=FOS PE=1 SV=1
56,1,0.9326278559024268,0.0673721440975731,P33261,CP2CJ_HUMAN Cytochrome P450 2C19 OS=Homo sapiens OX=9606 GN=CYP2C19 PE=1 SV=3
177,1,0.9311004422893026,0.06889955771069721,P08620,FGF4_HUMAN Fibroblast growth factor 4 OS=Homo sapiens OX=9606 GN=FGF4 PE=1 SV=1
170,1,0.9298790032822568,0.07012099671774309,Q9Y243,AKT3_HUMAN RAC-gamma serine/threonine-protein kinase OS=Homo sapiens OX=9606 GN=AKT3 PE=1 SV=1
123,1,0.9295519129717895,0.07044808702821069,P04798,CP1A1_HUMAN Cytochrome P450 1A1 OS=Homo sapiens OX=9606 GN=CYP1A1 PE=1 SV=1
153,1,0.9197760188655724,0.08022398113442747,P60763,RAC3_HUMAN Ras-related C3 botulinum toxin substrate 3 OS=Homo sapiens OX=9606 GN=RAC3 PE=1 SV=1
184,1,0.9194795181198218,0.08052048188017825,O15119,TBX3_HUMAN T-box transcription factor TBX3 OS=Homo sapiens OX=9606 GN=TBX3 PE=1 SV=4
70,1,0.9135593434619681,0.08644065653803201,P49711,CTCF_HUMAN Transcriptional repressor CTCF OS=Homo sapiens OX=9606 GN=CTCF PE=1 SV=1
200,1,0.9120622338037675,0.08793776619623267,O75376,NCOR1_HUMAN Nuclear receptor corepressor 1 OS=Homo sapiens OX=9606 GN=NCOR1 PE=1 SV=2
57,1,0.9055646986272027,0.09443530137279735,P07992,ERCC1_HUMAN DNA excision repair protein ERCC-1 OS=Homo sapiens OX=9606 GN=ERCC1 PE=1 SV=1
48,1,0.9017437167585052,0.09825628324149482,P42338,PK3CB_HUMAN Phosphatidylinositol 4_5-bisphosphate 3-kinase catalytic subunit beta isoform OS=Homo sapiens OX=9606 GN=PIK3CB PE=1 SV=1
197,1,0.9009837893439439,0.09901621065605622,P16152,CBR1_HUMAN Carbonyl reductase [NADPH] 1 OS=Homo sapiens OX=9606 GN=CBR1 PE=1 SV=3
106,1,0.8989986102613873,0.10100138973861272,Q16678,CP1B1_HUMAN Cytochrome P450 1B1 OS=Homo sapiens OX=9606 GN=CYP1B1 PE=1 SV=2
27,1,0.888253167961616,0.1117468320383838,P01308,INS_HUMAN Insulin OS=Homo sapiens OX=9606 GN=INS PE=1 SV=1
126,1,0.8802415757588457,0.11975842424115442,Q8TE76,MORC4_HUMAN MORC family CW-type zinc finger protein 4 OS=Homo sapiens OX=9606 GN=MORC4 PE=1 SV=2
78,1,0.8755853645730479,0.12441463542695232,Q14865,ARI5B_HUMAN AT-rich interactive domain-containing protein 5B OS=Homo sapiens OX=9606 GN=ARID5B PE=1 SV=3
154,1,0.8663375120450021,0.13366248795499788,P63000,RAC1_HUMAN Ras-related C3 botulinum toxin substrate 1 OS=Homo sapiens OX=9606 GN=RAC1 PE=1 SV=1
147,1,0.866218623302865,0.133781376697135,P46531,NOTC1_HUMAN Neurogenic locus notch homolog protein 1 OS=Homo sapiens OX=9606 GN=NOTCH1 PE=1 SV=4
41,1,0.8639437907407148,0.13605620925928538,P35568,IRS1_HUMAN Insulin receptor substrate 1 OS=Homo sapiens OX=9606 GN=IRS1 PE=1 SV=1
195,1,0.8634075404848908,0.13659245951510915,O75828,CBR3_HUMAN Carbonyl reductase [NADPH] 3 OS=Homo sapiens OX=9606 GN=CBR3 PE=1 SV=3
131,1,0.8597428298343482,0.14025717016565167,Q12824,SNF5_HUMAN SWI/SNF-related matrix-associated actin-dependent regulator of chromatin subfamily B member 1 OS=Homo sapiens OX=9606 GN=SMARCB1 PE=1 SV=2
159,1,0.8576102461467291,0.1423897538532708,O43502,RA51C_HUMAN DNA repair protein RAD51 homolog 3 OS=Homo sapiens OX=9606 GN=RAD51C PE=1 SV=1
148,1,0.8572355496880261,0.14276445031197382,P42336,PK3CA_HUMAN Phosphatidylinositol 4_5-bisphosphate 3-kinase catalytic subunit alpha isoform OS=Homo sapiens OX=9606 GN=PIK3CA PE=1 SV=2
217,1,0.8532945326095235,0.14670546739047646,P35244,RFA3_HUMAN Replication protein A 14 kDa subunit OS=Homo sapiens OX=9606 GN=RPA3 PE=1 SV=1
207,1,0.8503767957857215,0.14962320421427858,P48552,NRIP1_HUMAN Nuclear receptor-interacting protein 1 OS=Homo sapiens OX=9606 GN=NRIP1 PE=1 SV=2
92,1,0.839843163951422,0.1601568360485781,O76064,RNF8_HUMAN E3 ubiquitin-protein ligase RNF8 OS=Homo sapiens OX=9606 GN=RNF8 PE=1 SV=1
160,1,0.8393871289255727,0.16061287107442745,P54756,EPHA5_HUMAN Ephrin type-A receptor 5 OS=Homo sapiens OX=9606 GN=EPHA5 PE=1 SV=3
116,1,0.8381922807498352,0.1618077192501648,P18074,ERCC2_HUMAN General transcription and DNA repair factor IIH helicase subunit XPD OS=Homo sapiens OX=9606 GN=ERCC2 PE=1 SV=1
63,1,0.8362146924929833,0.16378530750701675,P29033,CXB2_HUMAN Gap junction beta-2 protein OS=Homo sapiens OX=9606 GN=GJB2 PE=1 SV=3
152,1,0.8333714736006727,0.16662852639932718,Q14738,2A5D_HUMAN Serine/threonine-protein phosphatase 2A 56 kDa regulatory subunit delta isoform OS=Homo sapiens OX=9606 GN=PPP2R5D PE=1 SV=1
136,1,0.8330475615591516,0.16695243844084842,O00300,TR11B_HUMAN Tumor necrosis factor receptor superfamily member 11B OS=Homo sapiens OX=9606 GN=TNFRSF11B PE=1 SV=3
5,1,0.8146938882070105,0.1853061117929894,P25054,APC_HUMAN Adenomatous polyposis coli protein OS=Homo sapiens OX=9606 GN=APC PE=1 SV=2
156,1,0.8119653918448663,0.18803460815513376,P60953,CDC42_HUMAN Cell division control protein 42 homolog OS=Homo sapiens OX=9606 GN=CDC42 PE=1 SV=2
34,1,0.8026392930961016,0.19736070690389845,Q00597,FANCC_HUMAN Fanconi anemia group C protein OS=Homo sapiens OX=9606 GN=FANCC PE=1 SV=1
143,1,0.8012408360507352,0.19875916394926493,P18887,XRCC1_HUMAN DNA repair protein XRCC1 OS=Homo sapiens OX=9606 GN=XRCC1 PE=1 SV=2
83,1,0.7930298175987638,0.20697018240123644,Q4G0J3,LARP7_HUMAN La-related protein 7 OS=Homo sapiens OX=9606 GN=LARP7 PE=1 SV=1
94,1,0.7925024156004679,0.2074975843995323,P09429,HMGB1_HUMAN High mobility group protein B1 OS=Homo sapiens OX=9606 GN=HMGB1 PE=1 SV=3
199,1,0.790550469066848,0.2094495309331521,P00352,AL1A1_HUMAN Retinal dehydrogenase 1 OS=Homo sapiens OX=9606 GN=ALDH1A1 PE=1 SV=2
69,1,0.7871413194184145,0.21285868058158572,P04637,P53_HUMAN Cellular tumor antigen p53 OS=Homo sapiens OX=9606 GN=TP53 PE=1 SV=4
10,1,0.7840844393342408,0.21591556066575923,O60566,BUB1B_HUMAN Mitotic checkpoint serine/threonine-protein kinase BUB1 beta OS=Homo sapiens OX=9606 GN=BUB1B PE=1 SV=3
26,1,0.7788364245906064,0.22116357540939374,P08684,CP3A4_HUMAN Cytochrome P450 3A4 OS=Homo sapiens OX=9606 GN=CYP3A4 PE=1 SV=4
7,1,0.774343426627844,0.2256565733721561,Q9Y5Z7,HCFC2_HUMAN Host cell factor 2 OS=Homo sapiens OX=9606 GN=HCFC2 PE=1 SV=1
81,1,0.7734954752571118,0.22650452474288787,Q008S8,ECT2L_HUMAN Epithelial cell-transforming sequence 2 oncogene-like OS=Homo sapiens OX=9606 GN=ECT2L PE=2 SV=2
95,1,0.7725204689533863,0.2274795310466136,P05019,IGF1_HUMAN Insulin-like growth factor I OS=Homo sapiens OX=9606 GN=IGF1 PE=1 SV=1
188,1,0.7666304104664172,0.2333695895335827,P46527,CDN1B_HUMAN Cyclin-dependent kinase inhibitor 1B OS=Homo sapiens OX=9606 GN=CDKN1B PE=1 SV=1
90,1,0.7637612847870352,0.23623871521296477,P06241,FYN_HUMAN Tyrosine-protein kinase Fyn OS=Homo sapiens OX=9606 GN=FYN PE=1 SV=3
178,1,0.7605604409612321,0.23943955903876804,P16104,H2AX_HUMAN Histone H2AX OS=Homo sapiens OX=9606 GN=H2AFX PE=1 SV=2
21,1,0.758271749531679,0.24172825046832094,P22681,CBL_HUMAN E3 ubiquitin-protein ligase CBL OS=Homo sapiens OX=9606 GN=CBL PE=1 SV=2
192,1,0.7453996629692207,0.2546003370307793,P45983,MK08_HUMAN Mitogen-activated protein kinase 8 OS=Homo sapiens OX=9606 GN=MAPK8 PE=1 SV=2
182,1,0.7433348360801934,0.2566651639198068,Q969G3,SMCE1_HUMAN SWI/SNF-related matrix-associated actin-dependent regulator of chromatin subfamily E member 1 OS=Homo sapiens OX=9606 GN=SMARCE1 PE=1 SV=2
47,1,0.7416067780053687,0.25839322199463166,Q9UBK2,PRGC1_HUMAN Peroxisome proliferator-activated receptor gamma coactivator 1-alpha OS=Homo sapiens OX=9606 GN=PPARGC1A PE=1 SV=1
171,1,0.740543360699554,0.25945663930044605,Q92831,KAT2B_HUMAN Histone acetyltransferase KAT2B OS=Homo sapiens OX=9606 GN=KAT2B PE=1 SV=3
203,1,0.738900468287833,0.26109953171216743,P29279,CCN2_HUMAN CCN family member 2 OS=Homo sapiens OX=9606 GN=CCN2 PE=1 SV=2
65,1,0.7309464890397449,0.2690535109602552,P62993,GRB2_HUMAN Growth factor receptor-bound protein 2 OS=Homo sapiens OX=9606 GN=GRB2 PE=1 SV=1
167,1,0.7291731352431967,0.2708268647568031,P61244,MAX_HUMAN Protein max OS=Homo sapiens OX=9606 GN=MAX PE=1 SV=1
109,1,0.7259897293421763,0.27401027065782374,P41159,LEP_HUMAN Leptin OS=Homo sapiens OX=9606 GN=LEP PE=1 SV=1
64,1,0.7244822713235278,0.27551772867647234,P05305,EDN1_HUMAN Endothelin-1 OS=Homo sapiens OX=9606 GN=EDN1 PE=1 SV=1
174,1,0.7190113336612932,0.28098866633870684,Q68DV7,RNF43_HUMAN E3 ubiquitin-protein ligase RNF43 OS=Homo sapiens OX=9606 GN=RNF43 PE=1 SV=1
114,1,0.7159549336843508,0.284045066315649,O75909,CCNK_HUMAN Cyclin-K OS=Homo sapiens OX=9606 GN=CCNK PE=1 SV=2
2,1,0.7090670664563874,0.2909329335436124,Q13233,M3K1_HUMAN Mitogen-activated protein kinase kinase kinase 1 OS=Homo sapiens OX=9606 GN=MAP3K1 PE=1 SV=4
97,1,0.705646980170035,0.29435301982996503,P11487,FGF3_HUMAN Fibroblast growth factor 3 OS=Homo sapiens OX=9606 GN=FGF3 PE=1 SV=1
139,1,0.6987499400366248,0.30125005996337545,P05231,IL6_HUMAN Interleukin-6 OS=Homo sapiens OX=9606 GN=IL6 PE=1 SV=1
193,1,0.6961195484996843,0.30388045150031545,P61769,B2MG_HUMAN Beta-2-microglobulin OS=Homo sapiens OX=9606 GN=B2M PE=1 SV=1
115,1,0.6909494253023528,0.30905057469764713,P15336,ATF2_HUMAN Cyclic AMP-dependent transcription factor ATF-2 OS=Homo sapiens OX=9606 GN=ATF2 PE=1 SV=4
212,1,0.6765400667327828,0.3234599332672172,Q9HD15,SRA1_HUMAN Steroid receptor RNA activator 1 OS=Homo sapiens OX=9606 GN=SRA1 PE=1 SV=1
13,1,0.6626702359611915,0.3373297640388088,Q12778,FOXO1_HUMAN Forkhead box protein O1 OS=Homo sapiens OX=9606 GN=FOXO1 PE=1 SV=2
135,1,0.6358733847106183,0.3641266152893817,Q99708,CTIP_HUMAN DNA endonuclease RBBP8 OS=Homo sapiens OX=9606 GN=RBBP8 PE=1 SV=2
179,1,0.629887922159101,0.37011207784089895,Q8IYD8,FANCM_HUMAN Fanconi anemia group M protein OS=Homo sapiens OX=9606 GN=FANCM PE=1 SV=2
4,1,0.6291076310825053,0.37089236891749455,P62070,RRAS2_HUMAN Ras-related protein R-Ras2 OS=Homo sapiens OX=9606 GN=RRAS2 PE=1 SV=1
151,1,0.6243671817664084,0.3756328182335917,Q13951,PEBB_HUMAN Core-binding factor subunit beta OS=Homo sapiens OX=9606 GN=CBFB PE=1 SV=2
186,1,0.62309881482418,0.3769011851758201,Q9NUX5,POTE1_HUMAN Protection of telomeres protein 1 OS=Homo sapiens OX=9606 GN=POT1 PE=1 SV=1
68,1,0.6230243973592425,0.37697560264075747,P29475,NOS1_HUMAN Nitric oxide synthase_ brain OS=Homo sapiens OX=9606 GN=NOS1 PE=1 SV=2
150,1,0.6105511021853042,0.3894488978146958,P09211,GSTP1_HUMAN Glutathione S-transferase P OS=Homo sapiens OX=9606 GN=GSTP1 PE=1 SV=2
138,1,0.5966317906529847,0.4033682093470154,Q969H0,FBXW7_HUMAN F-box/WD repeat-containing protein 7 OS=Homo sapiens OX=9606 GN=FBXW7 PE=1 SV=1
15,1,0.5397166216980804,0.4602833783019196,Q92793,CBP_HUMAN CREB-binding protein OS=Homo sapiens OX=9606 GN=CREBBP PE=1 SV=3
128,1,0.5206937647103871,0.4793062352896128,P04179,SODM_HUMAN Superoxide dismutase [Mn]_ mitochondrial OS=Homo sapiens OX=9606 GN=SOD2 PE=1 SV=3
146,1,0.5189526891891365,0.4810473108108634,P06400,RB_HUMAN Retinoblastoma-associated protein OS=Homo sapiens OX=9606 GN=RB1 PE=1 SV=2
87,1,0.5182477445549774,0.4817522554450227,P23771,GATA3_HUMAN Trans-acting T-cell-specific transcription factor GATA-3 OS=Homo sapiens OX=9606 GN=GATA3 PE=1 SV=1
218,1,0.4937660670001159,0.5062339329998843,Q07869,PPARA_HUMAN Peroxisome proliferator-activated receptor alpha OS=Homo sapiens OX=9606 GN=PPARA PE=1 SV=2
137,1,0.4489135064902003,0.5510864935097997,Q9GZV5,WWTR1_HUMAN WW domain-containing transcription regulator protein 1 OS=Homo sapiens OX=9606 GN=WWTR1 PE=1 SV=1
77,1,0.4267628230359184,0.5732371769640816,P10632,CP2C8_HUMAN Cytochrome P450 2C8 OS=Homo sapiens OX=9606 GN=CYP2C8 PE=1 SV=2
194,1,0.41581682297665545,0.5841831770233443,O43791,SPOP_HUMAN Speckle-type POZ protein OS=Homo sapiens OX=9606 GN=SPOP PE=1 SV=1
196,0,0.37321894039602965,0.6267810596039702,Q8NEZ4,KMT2C_HUMAN Histone-lysine N-methyltransferase 2C OS=Homo sapiens OX=9606 GN=KMT2C PE=1 SV=3
82,0,0.36680251354876037,0.6331974864512396,Q9Y6X0,SETBP_HUMAN SET-binding protein OS=Homo sapiens OX=9606 GN=SETBP1 PE=1 SV=3
58,0,0.3191953925691679,0.680804607430832,P46937,YAP1_HUMAN Transcriptional coactivator YAP1 OS=Homo sapiens OX=9606 GN=YAP1 PE=1 SV=2
119,0,0.2747290222014475,0.7252709777985525,O95835,LATS1_HUMAN Serine/threonine-protein kinase LATS1 OS=Homo sapiens OX=9606 GN=LATS1 PE=1 SV=1
105,0,0.24856515546858432,0.751434844531416,Q9HCN2,TPIP1_HUMAN p53-regulated apoptosis-inducing protein 1 OS=Homo sapiens OX=9606 GN=TP53AIP1 PE=2 SV=1
67,0,0.2428713027982345,0.7571286972017653,P06132,DCUP_HUMAN Uroporphyrinogen decarboxylase OS=Homo sapiens OX=9606 GN=UROD PE=1 SV=2
230,0,0.22954029204899815,0.770459707951002,Q92569,P55G_HUMAN Phosphatidylinositol 3-kinase regulatory subunit gamma OS=Homo sapiens OX=9606 GN=PIK3R3 PE=1 SV=2
84,0,0.21914806224585348,0.7808519377541465,Q96AV8,E2F7_HUMAN Transcription factor E2F7 OS=Homo sapiens OX=9606 GN=E2F7 PE=1 SV=3
29,0,0.21505468036080766,0.7849453196391925,O95819,M4K4_HUMAN Mitogen-activated protein kinase kinase kinase kinase 4 OS=Homo sapiens OX=9606 GN=MAP4K4 PE=1 SV=2
12,0,0.18754866797706302,0.8124513320229368,Q99967,CITE2_HUMAN Cbp/p300-interacting transactivator 2 OS=Homo sapiens OX=9606 GN=CITED2 PE=1 SV=2
175,0,0.17260657611613886,0.827393423883861,Q15788,NCOA1_HUMAN Nuclear receptor coactivator 1 OS=Homo sapiens OX=9606 GN=NCOA1 PE=1 SV=3
55,0,0.14411705858281978,0.8558829414171802,P38398,BRCA1_HUMAN Breast cancer type 1 susceptibility protein OS=Homo sapiens OX=9606 GN=BRCA1 PE=1 SV=2
107,0,0.1351253254316032,0.8648746745683968,Q2M1K9,ZN423_HUMAN Zinc finger protein 423 OS=Homo sapiens OX=9606 GN=ZNF423 PE=1 SV=1
16,0,0.10302040822012877,0.8969795917798711,Q09472,EP300_HUMAN Histone acetyltransferase p300 OS=Homo sapiens OX=9606 GN=EP300 PE=1 SV=2
180,0,0.09379536948846794,0.9062046305115321,Q5T200,ZC3HD_HUMAN Zinc finger CCCH domain-containing protein 13 OS=Homo sapiens OX=9606 GN=ZC3H13 PE=1 SV=1
112,0,0.047336464610813846,0.9526635353891861,Q15648,MED1_HUMAN Mediator of RNA polymerase II transcription subunit 1 OS=Homo sapiens OX=9606 GN=MED1 PE=1 SV=4
223,0,0.02523417643932377,0.9747658235606763,Q14686,NCOA6_HUMAN Nuclear receptor coactivator 6 OS=Homo sapiens OX=9606 GN=NCOA6 PE=1 SV=3
9,0,0.017943291755222936,0.9820567082447771,O14497,ARI1A_HUMAN AT-rich interactive domain-containing protein 1A OS=Homo sapiens OX=9606 GN=ARID1A PE=1 SV=3
204,0,0.0014727900858028877,0.9985272099141972,P60484,PTEN_HUMAN Phosphatidylinositol 3_4_5-trisphosphate 3-phosphatase and dual-specificity protein phosphatase PTEN OS=Homo sapiens OX=9606 GN=PTEN PE=1 SV=1
215,0,0.0007336825512148652,0.999266317448785,Q06124,PTN11_HUMAN Tyrosine-protein phosphatase non-receptor type 11 OS=Homo sapiens OX=9606 GN=PTPN11 PE=1 SV=2
72,0,0.000731591615755519,0.9992684083842444,O15327,INP4B_HUMAN Inositol polyphosphate 4-phosphatase type II OS=Homo sapiens OX=9606 GN=INPP4B PE=1 SV=4
222,0,1.5099487113683201e-06,0.9999984900512886,P23468,PTPRD_HUMAN Receptor-type tyrosine-protein phosphatase delta OS=Homo sapiens OX=9606 GN=PTPRD PE=1 SV=2
