gene,V1,V2,V3
VAV1,P15498,VAV_HUMAN Proto-oncogene vav OS=Homo sapiens OX=9606 GN=VAV1 PE=1 SV=4,MELWRQCTHWLIQCRVLPPSHRVTWDGAQVCELAQALRDGVLLCQLLNNLLPHAINLREVNLRPQMSQFLCLKNIRTFLSTCCEKFGLKRSELFEAFDLFDVQDFGKVIYTLSALSWTPIAQNRGIMPFPTEEESVGDEDIYSGLSDQIDDTVEEDEDLYDCVENEEAEGDEIYEDLMRSEPVSMPPKMTEYDKRCCCLREIQQTEEKYTDTLGSIQQHFLKPLQRFLKPQDIEIIFINIEDLLRVHTHFLKEMKEALGTPGAANLYQVFIKYKERFLVYGRYCSQVESASKHLDRVAAAREDVQMKLEECSQRANNGRFTLRDLLMVPMQRVLKYHLLLQELVKHTQEAMEKENLRLALDAMRDLAQCVNEVKRDNETLRQITNFQLSIENLDQSLAHYGRPKIDGELKITSVERRSKMDRYAFLLDKALLICKRRGDSYDLKDFVNLHSFQVRDDSSGDRDNKKWSHMFLLIEDQGAQGYELFFKTRELKKKWMEQFEMAISNIYPENATANGHDFQMFSFEETTSCKACQMLLRGTFYQGYRCHRCRASAHKECLGRVPPCGRHGQDFPGTMKKDKLHRRAQDKKRNELGLPKMEVFQEYYGLPPPPGAIGPFLRLNPGDIVELTKAEAEQNWWEGRNTSTNEIGWFPCNRVKPYVHGPPQDLSVHLWYAGPMERAGAESILANRSDGTFLVRQRVKDAAEFAISIKYNVEVKHIKIMTAEGLYRITEKKAFRGLTELVEFYQQNSLKDCFKSLDTTLQFPFKEPEKRTISRPAVGSTKYFGTAKARYDFCARDRSELSLKEGDIIKILNKKGQQGWWRGEIYGRVGWFPANYVEEDYSEYC
TSC1,Q92574,TSC1_HUMAN Hamartin OS=Homo sapiens OX=9606 GN=TSC1 PE=1 SV=2,MAQQANVGELLAMLDSPMLGVRDDVTAVFKENLNSDRGPMLVNTLVDYYLETSSQPALHILTTLQEPHDKHLLDRINEYVGKAATRLSILSLLGHVIRLQPSWKHKLSQAPLLPSLLKCLKMDTDVVVLTTGVLVLITMLPMIPQSGKQHLLDFFDIFGRLSSWCLKKPGHVAEVYLVHLHASVYALFHRLYGMYPCNFVSFLRSHYSMKENLETFEEVVKPMMEHVRIHPELVTGSKDHELDPRRWKRLETHDVVIECAKISLDPTEASYEDGYSVSHQISARFPHRSADVTTSPYADTQNSYGCATSTPYSTSRLMLLNMPGQLPQTLSSPSTRLITEPPQATLWSPSMVCGMTTPPTSPGNVPPDLSHPYSKVFGTTAGGKGTPLGTPATSPPPAPLCHSDDYVHISLPQATVTPPRKEERMDSARPCLHRQHHLLNDRGSEEPPGSKGSVTLSDLPGFLGDLASEEDSIEKDKEEAAISRELSEITTAEAEPVVPRGGFDSPFYRDSLPGSQRKTHSAASSSQGASVNPEPLHSSLDKLGPDTPKQAFTPIDLPCGSADESPAGDRECQTSLETSIFTPSPCKIPPPTRVGFGSGQPPPYDHLFEVALPKTAHHFVIRKTEELLKKAKGNTEEDGVPSTSPMEVLDRLIQQGADAHSKELNKLPLPSKSVDWTHFGGSPPSDEIRTLRDQLLLLHNQLLYERFKRQQHALRNRRLLRKVIKAAALEEHNAAMKDQLKLQEKDIQMWKVSLQKEQARYNQLQEQRDTMVTKLHSQIRQLQHDREEFYNQSQELQTKLEDCRNMIAELRIELKKANNKVCHTELLLSQVSQKLSNSESVQQQMEFLNRQLLVLGEVNELYLEQLQNKHSDTTKEVEMMKAAYRKELEKNRSHVLQQTQRLDTSQKRILELESHLAKKDHLLLEQKKYLEDVKLQARGQLQAAESRYEAQKRITQVFELEILDLYGRLEKDGLLKKLEEEKAEAAEAAEERLDCCNDGCSDSMVGHNEEASGHNGETKTPRPSSARGSSGSRGGGGSSSSSSELSTPEKPPHQRAGPFSSRWETTMGEASASIPTTVGSLPSSKSFLGMKARELFRNKSESQCDEDGMTSSLSESLKTELGKDLGVEAKIPLNLDGPHPSPPTPDSVGQLHIMDYNETHHEHS
TPR,P12270,TPR_HUMAN Nucleoprotein TPR OS=Homo sapiens OX=9606 GN=TPR PE=1 SV=3,MAAVLQQVLERTELNKLPKSVQNKLEKFLADQQSEIDGLKGRHEKFKVESEQQYFEIEKRLSHSQERLVNETRECQSLRLELEKLNNQLKALTEKNKELEIAQDRNIAIQSQFTRTKEELEAEKRDLIRTNERLSQELEYLTEDVKRLNEKLKESNTTKGELQLKLDELQASDVSVKYREKRLEQEKELLHSQNTWLNTELKTKTDELLALGREKGNEILELKCNLENKKEEVSRLEEQMNGLKTSNEHLQKHVEDLLTKLKEAKEQQASMEEKFHNELNAHIKLSNLYKSAADDSEAKSNELTRAVEELHKLLKEAGEANKAIQDHLLEVEQSKDQMEKEMLEKIGRLEKELENANDLLSATKRKGAILSEEELAAMSPTAAAVAKIVKPGMKLTELYNAYVETQDQLLLEKLENKRINKYLDEIVKEVEAKAPILKRQREEYERAQKAVASLSVKLEQAMKEIQRLQEDTDKANKQSSVLERDNRRMEIQVKDLSQQIRVLLMELEEARGNHVIRDEEVSSADISSSSEVISQHLVSYRNIEELQQQNQRLLVALRELGETREREEQETTSSKITELQLKLESALTELEQLRKSRQHQMQLVDSIVRQRDMYRILLSQTTGVAIPLHASSLDDVSLASTPKRPSTSQTVSTPAPVPVIESTEAIEAKAALKQLQEIFENYKKEKAENEKIQNEQLEKLQEQVTDLRSQNTKISTQLDFASKRYEMLQDNVEGYRREITSLHERNQKLTATTQKQEQIINTMTQDLRGANEKLAVAEVRAENLKKEKEMLKLSEVRLSQQRESLLAEQRGQNLLLTNLQTIQGILERSETETKQRLSSQIEKLEHEISHLKKKLENEVEQRHTLTRNLDVQLLDTKRQLDTETNLHLNTKELLKNAQKEIATLKQHLSNMEVQVASQSSQRTGKGQPSNKEDVDDLVSQLRQTEEQVNDLKERLKTSTSNVEQYQAMVTSLEESLNKEKQVTEEVRKNIEVRLKESAEFQTQLEKKLMEVEKEKQELQDDKRRAIESMEQQLSELKKTLSSVQNEVQEALQRASTALSNEQQARRDCQEQAKIAVEAQNKYERELMLHAADVEALQAAKEQVSKMASVRQHLEETTQKAESQLLECKASWEERERMLKDEVSKCVCRCEDLEKQNRLLHDQIEKLSDKVVASVKEGVQGPLNVSLSEEGKSQEQILEILRFIRREKEIAETRFEVAQVESLRYRQRVELLERELQELQDSLNAEREKVQVTAKTMAQHEELMKKTETMNVVMETNKMLREEKERLEQDLQQMQAKVRKLELDILPLQEANAELSEKSGMLQAEKKLLEEDVKRWKARNQHLVSQQKDPDTEEYRKLLSEKEVHTKRIQQLTEEIGRLKAEIARSNASLTNNQNLIQSLKEDLNKVRTEKETIQKDLDAKIIDIQEKVKTITQVKKIGRRYKTQYEELKAQQDKVMETSAQSSGDHQEQHVSVQEMQELKETLNQAETKSKSLESQVENLQKTLSEKETEARNLQEQTVQLQSELSRLRQDLQDRTTQEEQLRQQITEKEEKTRKAIVAAKSKIAHLAGVKDQLTKENEELKQRNGALDQQKDELDVRITALKSQYEGRISRLERELREHQERHLEQRDEPQEPSNKVPEQQRQITLKTTPASGERGIASTSDPPTANIKPTPVVSTPSKVTAAAMAGNKSTPRASIRPMVTPATVTNPTTTPTATVMPTTQVESQEAMQSEGPVEHVPVFGSTSGSVRSTSPNVQPSISQPILTVQQQTQATAFVQPTQQSHPQIEPANQELSSNIVEVVQSSPVERPSTSTAVFGTVSATPSSSLPKRTREEEEDSTIEASDQVSDDTVEMPLPKKLKSVTPVGTEEEVMAEESTDGEVETQVYNQDSQDSIGEGVTQGDYTPMEDSEETSQSLQIDLGPLQSDQQTTTSSQDGQGKGDDVIVIDSDDEEEDDDENDGEHEDYEEDEEDDDDDEDDTGMGDEGEDSNEGTGSADGNDGYEADDAEGGDGTDPGTETEESMGGGEGNHRAADSQNSGEGNTGAAESSFSQEVSREQQPSSASERQAPRAPQSPRRPPHPLPPRLTIHAPPQELGPPVQRIQMTRRQSVGRGLQLTPGIGGMQQHFFDDEDRTVPSTPTLVVPHRTDGFAEAIHSPQVAGVPRFRFGPPEDMPQTSSSHSDLGQLASQGGLGMYETPLFLAHEEESGGRSVPTTPLQVAAPVTVFTESTTSDASEHASQSVPMVTTSTGTLSTTNETATGDDGDEVFVEAESEGISSEAGLEIDSQQEEEPVQASDESDLPSTSQDPPSSSSVDTSSSQPKPFRRVRLQTTLRQGVRGRQFNRQRGVSHAMGGRGGINRGNIN
SMARCA4,P51532,SMCA4_HUMAN Transcription activator BRG1 OS=Homo sapiens OX=9606 GN=SMARCA4 PE=1 SV=2,MSTPDPPLGGTPRPGPSPGPGPSPGAMLGPSPGPSPGSAHSMMGPSPGPPSAGHPIPTQGPGGYPQDNMHQMHKPMESMHEKGMSDDPRYNQMKGMGMRSGGHAGMGPPPSPMDQHSQGYPSPLGGSEHASSPVPASGPSSGPQMSSGPGGAPLDGADPQALGQQNRGPTPFNQNQLHQLRAQIMAYKMLARGQPLPDHLQMAVQGKRPMPGMQQQMPTLPPPSVSATGPGPGPGPGPGPGPGPAPPNYSRPHGMGGPNMPPPGPSGVPPGMPGQPPGGPPKPWPEGPMANAAAPTSTPQKLIPPQPTGRPSPAPPAVPPAASPVMPPQTQSPGQPAQPAPMVPLHQKQSRITPIQKPRGLDPVEILQEREYRLQARIAHRIQELENLPGSLAGDLRTKATIELKALRLLNFQRQLRQEVVVCMRRDTALETALNAKAYKRSKRQSLREARITEKLEKQQKIEQERKRRQKHQEYLNSILQHAKDFKEYHRSVTGKIQKLTKAVATYHANTEREQKKENERIEKERMRRLMAEDEEGYRKLIDQKKDKRLAYLLQQTDEYVANLTELVRQHKAAQVAKEKKKKKKKKKAENAEGQTPAIGPDGEPLDETSQMSDLPVKVIHVESGKILTGTDAPKAGQLEAWLEMNPGYEVAPRSDSEESGSEEEEEEEEEEQPQAAQPPTLPVEEKKKIPDPDSDDVSEVDARHIIENAKQDVDDEYGVSQALARGLQSYYAVAHAVTERVDKQSALMVNGVLKQYQIKGLEWLVSLYNNNLNGILADEMGLGKTIQTIALITYLMEHKRINGPFLIIVPLSTLSNWAYEFDKWAPSVVKVSYKGSPAARRAFVPQLRSGKFNVLLTTYEYIIKDKHILAKIRWKYMIVDEGHRMKNHHCKLTQVLNTHYVAPRRLLLTGTPLQNKLPELWALLNFLLPTIFKSCSTFEQWFNAPFAMTGEKVDLNEEETILIIRRLHKVLRPFLLRRLKKEVEAQLPEKVEYVIKCDMSALQRVLYRHMQAKGVLLTDGSEKDKKGKGGTKTLMNTIMQLRKICNHPYMFQHIEESFSEHLGFTGGIVQGLDLYRASGKFELLDRILPKLRATNHKVLLFCQMTSLMTIMEDYFAYRGFKYLRLDGTTKAEDRGMLLKTFNEPGSEYFIFLLSTRAGGLGLNLQSADTVIIFDSDWNPHQDLQAQDRAHRIGQQNEVRVLRLCTVNSVEEKILAAAKYKLNVDQKVIQAGMFDQKSSSHERRAFLQAILEHEEQDESRHCSTGSGSASFAHTAPPPAGVNPDLEEPPLKEEDEVPDDETVNQMIARHEEEFDLFMRMDLDRRREEARNPKRKPRLMEEDELPSWIIKDDAEVERLTCEEEEEKMFGRGSRHRKEVDYSDSLTEKQWLKAIEEGTLEEIEEEVRQKKSSRKRKRDSDAGSSTPTTSTRSRDKDDESKKQKKRGRPPAEKLSPNPPNLTKKMKKIVDAVIKYKDSSSGRQLSEVFIQLPSRKELPEYYELIRKPVDFKKIKERIRNHKYRSLNDLEKDVMLLCQNAQTFNLEGSLIYEDSIVLQSVFTSVRQKIEKEDDSEGEESEEEEEGEEEGSESESRSVKVKIKLGRKEKAQDRLKGGRRRPSRGSRAKPVVSDDDSEEEQEEDRSGSGSEED
SETD2,Q9BYW2,SETD2_HUMAN Histone-lysine N-methyltransferase SETD2 OS=Homo sapiens OX=9606 GN=SETD2 PE=1 SV=3,MKQLQPQPPPKMGDFYDPEHPTPEEEENEAKIENVQKTGFIKGPMFKGVASSRFLPKGTKTKVNLEEQGRQKVSFSFSLTKKTLQNRFLTALGNEKQSDTPNPPAVPLQVDSTPKMKMEIGDTLSTAEESSPPKSRVELGKIHFKKHLLHVTSRPLLATTTAVASPPTHAAPLPAVIAESTTVDSPPSSPPPPPPPAQATTLSSPAPVTEPVALPHTPITVLMAAPVPLPVDVAVRSLKEPPIIIVPESLEADTKQDTISNSLEEHVTQILNEQADISSKKEDSHIGKDEEIPDSSKISLSCKKTGSKKKSSQSEGIFLGSESDEDSVRTSSSQRSHDLKFSASIEKERDFKKSSAPLKSEDLGKPSRSKTDRDDKYFSYSKLERDTRYVSSRCRSERERRRSRSHSRSERGSRTNLSYSRSERSHYYDSDRRYHRSSPYRERTRYSRPYTDNRARESSDSEEEYKKTYSRRTSSHSSSYRDLRTSSYSKSDRDCKTETSYLEMERRGKYSSKLERESKRTSENEAIKRCCSPPNELGFRRGSSYSKHDSSASRYKSTLSKPIPKSDKFKNSFCCTELNEEIKQSHSFSLQTPCSKGSELRMINKNPEREKAGSPAPSNRLNDSPTLKKLDELPIFKSEFITHDSHDSIKELDSLSKVKNDQLRSFCPIELNINGSPGAESDLATFCTSKTDAVLMTSDDSVTGSELSPLVKACMLSSNGFQNISRCKEKDLDDTCMLHKKSESPFRETEPLVSPHQDKLMSMPVMTVDYSKTVVKEPVDTRVSCCKTKDSDIYCTLNDSNPSLCNSEAENIEPSVMKISSNSFMNVHLESKPVICDSRNLTDHSKFACEEYKQSIGSTSSASVNHFDDLYQPIGSSGIASSLQSLPPGIKVDSLTLLKCGENTSPVLDAVLKSKKSSEFLKHAGKETIVEVGSDLPDSGKGFASRENRRNNGLSGKCLQEAQEEGNSILPERRGRPEISLDERGEGGHVHTSDDSEVVFSSCDLNLTMEDSDGVTYALKCDSSGHAPEIVSTVHEDYSGSSESSNDESDSEDTDSDDSSIPRNRLQSVVVVPKNSTLPMEETSPCSSRSSQSYRHYSDHWEDERLESRRHLYEEKFESIASKACPQTDKFFLHKGTEKNPEISFTQSSRKQIDNRLPELSHPQSDGVDSTSHTDVKSDPLGHPNSEETVKAKIPSRQQEELPIYSSDFEDVPNKSWQQTTFQNRPDSRLGKTELSFSSSCEIPHVDGLHSSEELRNLGWDFSQEKPSTTYQQPDSSYGACGGHKYQQNAEQYGGTRDYWQGNGYWDPRSGRPPGTGVVYDRTQGQVPDSLTDDREEEENWDQQDGSHFSDQSDKFLLSLQKDKGSVQAPEISSNSIKDTLAVNEKKDFSKNLEKNDIKDRGPLKKRRQEIESDSESDGELQDRKKVRVEVEQGETSVPPGSALVGPSCVMDDFRDPQRWKECAKQGKMPCYFDLIEENVYLTERKKNKSHRDIKRMQCECTPLSKDERAQGEIACGEDCLNRLLMIECSSRCPNGDYCSNRRFQRKQHADVEVILTEKKGWGLRAAKDLPSNTFVLEYCGEVLDHKEFKARVKEYARNKNIHYYFMALKNDEIIDATQKGNCSRFMNHSCEPNCETQKWTVNGQLRVGFFTTKLVPSGSELTFDYQFQRYGKEAQKCFCGSANCRGYLGGENRVSIRAAGGKMKKERSRKKDSVDGELEALMENGEGLSDKNQVLSLSRLMVRIETLEQKLTCLELIQNTHSQSCLKSFLERHGLSLLWIWMAELGDGRESNQKLQEEIIKTLEHLPIPTKNMLEESKVLPIIQRWSQTKTAVPPLSEGDGYSSENTSRAHTPLNTPDPSTKLSTEADTDTPKKLMFRRLKIISENSMDSAISDATSELEGKDGKEDLDQLENVPVEEEEELQSQQLLPQQLPECKVDSETNIEASKLPTSEPEADAEIEPKESNGTKLEEPINEETPSQDEEEGVSDVESERSQEQPDKTVDISDLATKLLDSWKDLKEVYRIPKKSQTEKENTTTERGRDAVGFRDQTPAPKTPNRSRERDPDKQTQNKEKRKRRSSLSPPSSAYERGTKRPDDRYDTPTSKKKVRIKDRNKLSTEERRKLFEQEVAQREAQKQQQQMQNLGMTSPLPYDSLGYNAPHHPFAGYPPGYPMQAYVDPSNPNAGKVLLPTPSMDPVCSPAPYDHAQPLVGHSTEPLSAPPPVPVVPHVAAPVEVSSSQYVAQSDGVVHQDSSVAVLPVPAPGPVQGQNYSVWDSNQQSVSVQQQYSPAQSQATIYYQGQTCPTVYGVTSPYSQTTPPIVQSYAQPSLQYIQGQQIFTAHPQGVVVQPAAAVTTIVAPGQPQPLQPSEMVVTNNLLDLPPPSPPKPKTIVLPPNWKTARDPEGKIYYYHVITRQTQWDPPTWESPGDDASLEHEAEMDLGTPTYDENPMKASKKPKTAEADTSSELAKKSKEVFRKEMSQFIVQCLNPYRKPDCKVGRITTTEDFKHLARKLTHGVMNKELKYCKNPEDLECNENVKHKTKEYIKKYMQKFGAVYKPKEDTELE
RB1,P06400,RB_HUMAN Retinoblastoma-associated protein OS=Homo sapiens OX=9606 GN=RB1 PE=1 SV=2,MPPKTPRKTAATAAAAAAEPPAPPPPPPPEEDPEQDSGPEDLPLVRLEFEETEEPDFTALCQKLKIPDHVRERAWLTWEKVSSVDGVLGGYIQKKKELWGICIFIAAVDLDEMSFTFTELQKNIEISVHKFFNLLKEIDTSTKVDNAMSRLLKKYDVLFALFSKLERTCELIYLTQPSSSISTEINSALVLKVSWITFLLAKGEVLQMEDDLVISFQLMLCVLDYFIKLSPPMLLKEPYKTAVIPINGSPRTPRRGQNRSARIAKQLENDTRIIEVLCKEHECNIDEVKNVYFKNFIPFMNSLGLVTSNGLPEVENLSKRYEEIYLKNKDLDARLFLDHDKTLQTDSIDSFETQRTPRKSNLDEEVNVIPPHTPVRTVMNTIQQLMMILNSASDQPSENLISYFNNCTVNPKESILKRVKDIGYIFKEKFAKAVGQGCVEIGSQRYKLGVRLYYRVMESMLKSEEERLSIQNFSKLLNDNIFHMSLLACALEVVMATYSRSTSQNLDSGTDLSFPWILNVLNLKAFDFYKVIESFIKAEGNLTREMIKHLERCEHRIMESLAWLSDSPLFDLIKQSKDREGPTDHLESACPLNLPLQNNHTAADMYLSPVRSPKKKGSTTRVNSTANAETQATSAFQTQKPLKSTSLSLFYKKVYRLAYLRLNTLCERLLSEHPELEHIIWTLFQHTLQNEYELMRDRHLDQIMMCSMYGICKVKNIDLKFKIIVTAYKDLPHAVQETFKRVLIKEEEYDSIIVFYNSVFMQRLKTNILQYASTRPPTLSPIPHIPRSPYKFPSSPLRIPGGNIYISPLKSPYKISEGLPTPTKMTPRSRILVSIGESFGTSEKFQKINQMVCNSDRVLKRSAEGSNPPKPLKKLRFDIEGSDEADGSKHLPGESKFQQKLAEMTSTRTRMQKQKMNDSMDTSNKEEK
PREX2,Q70Z35,PREX2_HUMAN Phosphatidylinositol 3_4_5-trisphosphate-dependent Rac exchanger 2 protein OS=Homo sapiens OX=9606 GN=PREX2 PE=1 SV=1,MSEDSRGDSRAESAKDLEKQLRLRVCVLSELQKTERDYVGTLEFLVSAFLHRMNQCAASKVDKNVTEETVKMLFSNIEDILAVHKEFLKVVEECLHPEPNAQQEVGTCFLHFKDKFRIYDEYCSNHEKAQKLLLELNKIRTIRTFLLNCMLLGGRKNTDVPLEGYLVTPIQRICKYPLILKELLKRTPRKHSDYAAVMEALQAMKAVCSNINEAKRQMEKLEVLEEWQSHIEGWEGSNITDTCTEMLMCGVLLKISSGNIQERVFFLFDNLLVYCKRKHRRLKNSKASTDGHRYLFRGRINTEVMEVENVDDGTADFHSSGHIVVNGWKIHNTAKNKWFVCMAKTPEEKHEWFEAILKERERRKGLKLGMEQDTWVMISEQGEKLYKMMCRQGNLIKDRKRKLTTFPKCFLGSEFVSWLLEIGEIHRPEEGVHLGQALLENGIIHHVTDKHQFKPEQMLYRFRYDDGTFYPRNEMQDVISKGVRLYCRLHSLFTPVIRDKDYHLRTYKSVVMANKLIDWLIAQGDCRTREEAMIFGVGLCDNGFMHHVLEKSEFKDEPLLFRFFSDEEMEGSNMKHRLMKHDLKVVENVIAKSLLIKSNEGSYGFGLEDKNKVPIIKLVEKGSNAEMAGMEVGKKIFAINGDLVFMRPFNEVDCFLKSCLNSRKPLRVLVSTKPRETVKIPDSADGLGFQIRGFGPSVVHAVGRGTVAAAAGLHPGQCIIKVNGINVSKETHASVIAHVTACRKYRRPTKQDSIQWVYNSIESAQEDLQKSHSKPPGDEAGDAFDCKVEEVIDKFNTMAIIDGKKEHVSLTVDNVHLEYGVVYEYDSTAGIKCNVVEKMIEPKGFFSLTAKILEALAKSDEHFVQNCTSLNSLNEVIPTDLQSKFSALCSERIEHLCQRISSYKKFSRVLKNRAWPTFKQAKSKISPLHSSDFCPTNCHVNVMEVSYPKTSTSLGSAFGVQLDSRKHNSHDKENKSSEQGKLSPMVYIQHTITTMAAPSGLSLGQQDGHGLRYLLKEEDLETQDIYQKLLGKLQTALKEVEMCVCQIDDLLSSITYSPKLERKTSEGIIPTDSDNEKGERNSKRVCFNVAGDEQEDSGHDTISNRDSYSDCNSNRNSIASFTSICSSQCSSYFHSDEMDSGDELPLSVRISHDKQDKIHSCLEHLFSQVDSITNLLKGQAVVRAFDQTKYLTPGRGLQEFQQEMEPKLSCPKRLRLHIKQDPWNLPSSVRTLAQNIRKFVEEVKCRLLLALLEYSDSETQLRRDMVFCQTLVATVCAFSEQLMAALNQMFDNSKENEMETWEASRRWLDQIANAGVLFHFQSLLSPNLTDEQAMLEDTLVALFDLEKVSFYFKPSEEEPLVANVPLTYQAEGSRQALKVYFYIDSYHFEQLPQRLKNGGGFKIHPVLFAQALESMEGYYYRDNVSVEEFQAQINAASLEKVKQYNQKLRAFYLDKSNSPPNSTSKAAYVDKLMRPLNALDELYRLVASFIRSKRTAACANTACSASGVGLLSVSSELCNRLGACHIIMCSSGVHRCTLSVTLEQAIILARSHGLPPRYIMQATDVMRKQGARVQNTAKNLGVRDRTPQSAPRLYKLCEPPPPAGEE
PPP2R1A,P30153,2AAA_HUMAN Serine/threonine-protein phosphatase 2A 65 kDa regulatory subunit A alpha isoform OS=Homo sapiens OX=9606 GN=PPP2R1A PE=1 SV=4,MAAADGDDSLYPIAVLIDELRNEDVQLRLNSIKKLSTIALALGVERTRSELLPFLTDTIYDEDEVLLALAEQLGTFTTLVGGPEYVHCLLPPLESLATVEETVVRDKAVESLRAISHEHSPSDLEAHFVPLVKRLAGGDWFTSRTSACGLFSVCYPRVSSAVKAELRQYFRNLCSDDTPMVRRAAASKLGEFAKVLELDNVKSEIIPMFSNLASDEQDSVRLLAVEACVNIAQLLPQEDLEALVMPTLRQAAEDKSWRVRYMVADKFTELQKAVGPEITKTDLVPAFQNLMKDCEAEVRAAASHKVKEFCENLSADCRENVIMSQILPCIKELVSDANQHVKSALASVIMGLSPILGKDNTIEHLLPLFLAQLKDECPEVRLNIISNLDCVNEVIGIRQLSQSLLPAIVELAEDAKWRVRLAIIEYMPLLAGQLGVEFFDEKLNSLCMAWLVDHVYAIREAATSNLKKLVEKFGKEWAHATIIPKVLAMSGDPNYLHRMTTLFCINVLSEVCGQDITTKHMLPTVLRMAGDPVANVRFNVAKSLQKIGPILDNSTLQSEVKPILEKLTQDQDVDVKYFAQEALTVLSLA
NBN,O60934,NBN_HUMAN Nibrin OS=Homo sapiens OX=9606 GN=NBN PE=1 SV=1,MWKLLPAAGPAGGEPYRLLTGVEYVVGRKNCAILIENDQSISRNHAVLTANFSVTNLSQTDEIPVLTLKDNSKYGTFVNEEKMQNGFSRTLKSGDGITFGVFGSKFRIEYEPLVACSSCLDVSGKTALNQAILQLGGFTVNNWTEECTHLVMVSVKVTIKTICALICGRPIVKPEYFTEFLKAVESKKQPPQIESFYPPLDEPSIGSKNVDLSGRQERKQIFKGKTFIFLNAKQHKKLSSAVVFGGGEARLITEENEEEHNFFLAPGTCVVDTGITNSQTLIPDCQKKWIQSIMDMLQRQGLRPIPEAEIGLAVIFMTTKNYCDPQGHPSTGLKTTTPGPSLSQGVSVDEKLMPSAPVNTTTYVADTESEQADTWDLSERPKEIKVSKMEQKFRMLSQDAPTVKESCKTSSNNNSMVSNTLAKMRIPNYQLSPTKLPSINKSKDRASQQQQTNSIRNYFQPSTKKRERDEENQEMSSCKSARIETSCSLLEQTQPATPSLWKNKEQHLSENEPVDTNSDNNLFTDTDLKSIVKNSASKSHAAEKLRSNKKREMDDVAIEDEVLEQLFKDTKPELEIDVKVQKQEEDVNVRKRPRMDIETNDTFSDEAVPESSKISQENEIGKKRELKEDSLWSAKEISNNDKLQDDSEMLPKKLLLTEFRSLVIKNSTSRNPSGINDDYGQLKNFKKFKKVTYPGAGKLPHIIGGSDLIAHHARKNTELEEWLRQEMEVQNQHAKEESLADDLFRYNPYLKRRR
MUTYH,Q9UIF7,MUTYH_HUMAN Adenine DNA glycosylase OS=Homo sapiens OX=9606 GN=MUTYH PE=1 SV=1,MTPLVSRLSRLWAIMRKPRAAVGSGHRKQAASQEGRQKHAKNNSQAKPSACDGMIAECPGAPAGLARQPEEVVLQASVSSYHLFRDVAEVTAFRGSLLSWYDQEKRDLPWRRRAEDEMDLDRRAYAVWVSEVMLQQTQVATVINYYTGWMQKWPTLQDLASASLEEVNQLWAGLGYYSRGRRLQEGARKVVEELGGHMPRTAETLQQLLPGVGRYTAGAIASIAFGQATGVVDGNVARVLCRVRAIGADPSSTLVSQQLWGLAQQLVDPARPGDFNQAAMELGATVCTPQRPLCSQCPVESLCRARQRVEQEQLLASGSLSGSPDVEECAPNTGQCHLCLPPSEPWDQTLGVVNFPRKASRKPPREESSATCVLEQPGALGAQILLVQRPNSGLLAGLWEFPSVTWEPSEQLQRKALLQELQRWAGPLPATHLRHLGEVVHTFSHIKLTYQVYGLALEGQTPVTTVPPGARWLTQEEFHTAAVSTAMKKVFRVYQGQQPGTCMGSKRSQVSSPCSRKKPRMGQQVLDNFFRSHISTDAHSLNSAAQ
MARK3,P27448,MARK3_HUMAN MAP/microtubule affinity-regulating kinase 3 OS=Homo sapiens OX=9606 GN=MARK3 PE=1 SV=5,MSTRTPLPTVNERDTENHTSHGDGRQEVTSRTSRSGARCRNSIASCADEQPHIGNYRLLKTIGKGNFAKVKLARHILTGREVAIKIIDKTQLNPTSLQKLFREVRIMKILNHPNIVKLFEVIETEKTLYLIMEYASGGEVFDYLVAHGRMKEKEARSKFRQIVSAVQYCHQKRIVHRDLKAENLLLDADMNIKIADFGFSNEFTVGGKLDTFCGSPPYAAPELFQGKKYDGPEVDVWSLGVILYTLVSGSLPFDGQNLKELRERVLRGKYRIPFYMSTDCENLLKRFLVLNPIKRGTLEQIMKDRWINAGHEEDELKPFVEPELDISDQKRIDIMVGMGYSQEEIQESLSKMKYDEITATYLLLGRKSSELDASDSSSSSNLSLAKVRPSSDLNNSTGQSPHHKVQRSVSSSQKQRRYSDHAGPAIPSVVAYPKRSQTSTADSDLKEDGISSRKSSGSAVGGKGIAPASPMLGNASNPNKADIPERKKSSTVPSSNTASGGMTRRNTYVCSERTTADRHSVIQNGKENSTIPDQRTPVASTHSISSAATPDRIRFPRGTASRSTFHGQPRERRTATYNGPPASPSLSHEATPLSQTRSRGSTNLFSKLTSKLTRRNMSFRFIKRLPTEYERNGRYEGSSRNVSAEQKDENKEAKPRSLRFTWSMKTTSSMDPGDMMREIRKVLDANNCDYEQRERFLLFCVHGDGHAENLVQWEMEVCKLPRLSLNGVRFKRISGTSIAFKNIASKIANELKL
JAG1,P78504,JAG1_HUMAN Protein jagged-1 OS=Homo sapiens OX=9606 GN=JAG1 PE=1 SV=3,MRSPRTRGRSGRPLSLLLALLCALRAKVCGASGQFELEILSMQNVNGELQNGNCCGGARNPGDRKCTRDECDTYFKVCLKEYQSRVTAGGPCSFGSGSTPVIGGNTFNLKASRGNDRNRIVLPFSFAWPRSYTLLVEAWDSSNDTVQPDSIIEKASHSGMINPSRQWQTLKQNTGVAHFEYQIRVTCDDYYYGFGCNKFCRPRDDFFGHYACDQNGNKTCMEGWMGPECNRAICRQGCSPKHGSCKLPGDCRCQYGWQGLYCDKCIPHPGCVHGICNEPWQCLCETNWGGQLCDKDLNYCGTHQPCLNGGTCSNTGPDKYQCSCPEGYSGPNCEIAEHACLSDPCHNRGSCKETSLGFECECSPGWTGPTCSTNIDDCSPNNCSHGGTCQDLVNGFKCVCPPQWTGKTCQLDANECEAKPCVNAKSCKNLIASYYCDCLPGWMGQNCDININDCLGQCQNDASCRDLVNGYRCICPPGYAGDHCERDIDECASNPCLNGGHCQNEINRFQCLCPTGFSGNLCQLDIDYCEPNPCQNGAQCYNRASDYFCKCPEDYEGKNCSHLKDHCRTTPCEVIDSCTVAMASNDTPEGVRYISSNVCGPHGKCKSQSGGKFTCDCNKGFTGTYCHENINDCESNPCRNGGTCIDGVNSYKCICSDGWEGAYCETNINDCSQNPCHNGGTCRDLVNDFYCDCKNGWKGKTCHSRDSQCDEATCNNGGTCYDEGDAFKCMCPGGWEGTTCNIARNSSCLPNPCHNGGTCVVNGESFTCVCKEGWEGPICAQNTNDCSPHPCYNSGTCVDGDNWYRCECAPGFAGPDCRININECQSSPCAFGATCVDEINGYRCVCPPGHSGAKCQEVSGRPCITMGSVIPDGAKWDDDCNTCQCLNGRIACSKVWCGPRPCLLHKGHSECPSGQSCIPILDDQCFVHPCTGVGECRSSSLQPVKTKCTSDSYYQDNCANITFTFNKEMMSPGLTTEHICSELRNLNILKNVSAEYSIYIACEPSPSANNEIHVAISAEDIRDDGNPIKEITDKIIDLVSKRDGNSSLIAAVAEVRVQRRPLKNRTDFLVPLLSSVLTVAWICCLVTAFYWCLRKRRKPGSHTHSASEDNTTNNVREQLNQIKNPIEKHGANTVPIKDYENKNSKMSKIRTHNSEVEEDDMDKHQQKARFAKQPAYTLVDREEKPPNGTPTKHPNWTNKQDNRDLESAQSLNRMEYIV
HRAS,P01112,RASH_HUMAN GTPase HRas OS=Homo sapiens OX=9606 GN=HRAS PE=1 SV=1,MTEYKLVVVGAGGVGKSALTIQLIQNHFVDEYDPTIEDSYRKQVVIDGETCLLDILDTAGQEEYSAMRDQYMRTGEGFLCVFAINNTKSFEDIHQYREQIKRVKDSDDVPMVLVGNKCDLAARTVESRQAQDLARSYGIPYIETSAKTRQGVEDAFYTLVREIRQHKLRKLNPPDESGPGCMSCKCVLS
DNM2,P50570,DYN2_HUMAN Dynamin-2 OS=Homo sapiens OX=9606 GN=DNM2 PE=1 SV=2,MGNRGMEELIPLVNKLQDAFSSIGQSCHLDLPQIAVVGGQSAGKSSVLENFVGRDFLPRGSGIVTRRPLILQLIFSKTEHAEFLHCKSKKFTDFDEVRQEIEAETDRVTGTNKGISPVPINLRVYSPHVLNLTLIDLPGITKVPVGDQPPDIEYQIKDMILQFISRESSLILAVTPANMDLANSDALKLAKEVDPQGLRTIGVITKLDLMDEGTDARDVLENKLLPLRRGYIGVVNRSQKDIEGKKDIRAALAAERKFFLSHPAYRHMADRMGTPHLQKTLNQQLTNHIRESLPALRSKLQSQLLSLEKEVEEYKNFRPDDPTRKTKALLQMVQQFGVDFEKRIEGSGDQVDTLELSGGARINRIFHERFPFELVKMEFDEKDLRREISYAIKNIHGVRTGLFTPDLAFEAIVKKQVVKLKEPCLKCVDLVIQELINTVRQCTSKLSSYPRLREETERIVTTYIREREGRTKDQILLLIDIEQSYINTNHEDFIGFANAQQRSTQLNKKRAIPNQGEILVIRRGWLTINNISLMKGGSKEYWFVLTAESLSWYKDEEEKEKKYMLPLDNLKIRDVEKGFMSNKHVFAIFNTEQRNVYKDLRQIELACDSQEDVDSWKASFLRAGVYPEKDQAENEDGAQENTFSMDPQLERQVETIRNLVDSYVAIINKSIRDLMPKTIMHLMINNTKAFIHHELLAYLYSSADQSSLMEESADQAQRRDDMLRMYHALKEALNIIGDISTSTVSTPVPPPVDDTWLQSASSHSPTPQRRPVSSIHPPGRPPAVRGPTPGPPLIPVPVGAAASFSAPPIPSRPGPQSVFANSDLFPAPPQIPSRPVRIPPGIPPGVPSRRPPAAPSRPTIIRPAEPSLLD
CDKN2C,P42773,CDN2C_HUMAN Cyclin-dependent kinase 4 inhibitor C OS=Homo sapiens OX=9606 GN=CDKN2C PE=1 SV=1,MAEPWGNELASAAARGDLEQLTSLLQNNVNVNAQNGFGRTALQVMKLGNPEIARRLLLRGANPDLKDRTGFAVIHDAARAGFLDTLQTLLEFQADVNIEDNEGNLPLHLAAKEGHLRVVEFLVKHTASNVGHRNHKGDTACDLARLYGRNEVVSLMQANGAGGATNLQ
CDKN2A,P42771,CDN2A_HUMAN Cyclin-dependent kinase inhibitor 2A OS=Homo sapiens OX=9606 GN=CDKN2A PE=1 SV=2,MEPAAGSSMEPSADWLATAAARGRVEEVRALLEAGALPNAPNSYGRRPIQVMMMGSARVAELLLLHGAEPNCADPATLTRPVHDAAREGFLDTLVVLHRAGARLDVRDAWGRLPVDLAEELGHRDVARYLRAAAGGTRGSNHARIDAAEGPSDIPD
CCNE1,P24864,CCNE1_HUMAN G1/S-specific cyclin-E1 OS=Homo sapiens OX=9606 GN=CCNE1 PE=1 SV=2,MPRERRERDAKERDTMKEDGGAEFSARSRKRKANVTVFLQDPDEEMAKIDRTARDQCGSQPWDNNAVCADPCSLIPTPDKEDDDRVYPNSTCKPRIIAPSRGSPLPVLSWANREEVWKIMLNKEKTYLRDQHFLEQHPLLQPKMRAILLDWLMEVCEVYKLHRETFYLAQDFFDRYMATQENVVKTLLQLIGISSLFIAAKLEEIYPPKLHQFAYVTDGACSGDEILTMELMIMKALKWRLSPLTIVSWLNVYMQVAYLNDLHEVLLPQYPQQIFIQIAELLDLCVLDVDCLEFPYGILAASALYHFSSSELMQKVSGYQWCDIENCVKWMVPFAMVIRETGSSKLKHFRGVADEDAHNIQTHRDSLDLLDKARAKKAMLSEQNRASPLPSGLLTPPQSGKKQSSGPEMA
CASP8,Q14790,CASP8_HUMAN Caspase-8 OS=Homo sapiens OX=9606 GN=CASP8 PE=1 SV=1,MDFSRNLYDIGEQLDSEDLASLKFLSLDYIPQRKQEPIKDALMLFQRLQEKRMLEESNLSFLKELLFRINRLDLLITYLNTRKEEMERELQTPGRAQISAYRVMLYQISEEVSRSELRSFKFLLQEEISKCKLDDDMNLLDIFIEMEKRVILGEGKLDILKRVCAQINKSLLKIINDYEEFSKERSSSLEGSPDEFSNGEELCGVMTISDSPREQDSESQTLDKVYQMKSKPRGYCLIINNHNFAKAREKVPKLHSIRDRNGTHLDAGALTTTFEELHFEIKPHDDCTVEQIYEILKIYQLMDHSNMDCFICCILSHGDKGIIYGTDGQEAPIYELTSQFTGLKCPSLAGKPKVFFIQACQGDNYQKGIPVETDSEEQPYLEMDLSSPQTRYIPDEADFLLGMATVNNCVSYRNPAEGTWYIQSLCQSLRERCPRGDDILTILTEVNYEVSNKDDKKNMGKQMPQPTFTLRKKLVFPSD
BUB1B,O60566,BUB1B_HUMAN Mitotic checkpoint serine/threonine-protein kinase BUB1 beta OS=Homo sapiens OX=9606 GN=BUB1B PE=1 SV=3,MAAVKKEGGALSEAMSLEGDEWELSKENVQPLRQGRIMSTLQGALAQESACNNTLQQQKRAFEYEIRFYTGNDPLDVWDRYISWTEQNYPQGGKESNMSTLLERAVEALQGEKRYYSDPRFLNLWLKLGRLCNEPLDMYSYLHNQGIGVSLAQFYISWAEEYEARENFRKADAIFQEGIQQKAEPLERLQSQHRQFQARVSRQTLLALEKEEEEEVFESSVPQRSTLAELKSKGKKTARAPIIRVGGALKAPSQNRGLQNPFPQQMQNNSRITVFDENADEASTAELSKPTVQPWIAPPMPRAKENELQAGPWNTGRSLEHRPRGNTASLIAVPAVLPSFTPYVEETARQPVMTPCKIEPSINHILSTRKPGKEEGDPLQRVQSHQQASEEKKEKMMYCKEKIYAGVGEFSFEEIRAEVFRKKLKEQREAELLTSAEKRAEMQKQIEEMEKKLKEIQTTQQERTGDQQEETMPTKETTKLQIASESQKIPGMTLSSSVCQVNCCARETSLAENIWQEQPHSKGPSVPFSIFDEFLLSEKKNKSPPADPPRVLAQRRPLAVLKTSESITSNEDVSPDVCDEFTGIEPLSEDAIITGFRNVTICPNPEDTCDFARAARFVSTPFHEIMSLKDLPSDPERLLPEEDLDVKTSEDQQTACGTIYSQTLSIKKLSPIIEDSREATHSSGFSGSSASVASTSSIKCLQIPEKLELTNETSENPTQSPWCSQYRRQLLKSLPELSASAELCIEDRPMPKLEIEKEIELGNEDYCIKREYLICEDYKLFWVAPRNSAELTVIKVSSQPVPWDFYINLKLKERLNEDFDHFCSCYQYQDGCIVWHQYINCFTLQDLLQHSEYITHEITVLIIYNLLTIVEMLHKAEIVHGDLSPRCLILRNRIHDPYDCNKNNQALKIVDFSYSVDLRVQLDVFTLSGFRTVQILEGQKILANCSSPYQVDLFGIADLAHLLLFKEHLQVFWDGSFWKLSQNISELKDGELWNKFFVRILNANDEATVSVLGELAAEMNGVFDTTFQSHLNKALWKVGKLTSPGALLFQ
BCL10,O95999,BCL10_HUMAN B-cell lymphoma/leukemia 10 OS=Homo sapiens OX=9606 GN=BCL10 PE=1 SV=1,MEPTAPSLTEEDLTEVKKDALENLRVYLCEKIIAERHFDHLRAKKILSREDTEEISCRTSSRKRAGKLLDYLQENPKGLDTLVESIRREKTQNFLIQKITDEVLKLRNIKLEHLKGLKCSSCEPFPDGATNNLSRSNSDESNFSEKLRASTVMYHPEGESSTTPFFSTNSSLNLPVLEVGRTENTIFSSTTLPRPGDPGAPPLPPDLQLEEEGTCANSSEMFLPLRSRTVSRQ
ATG7,O95352,ATG7_HUMAN Ubiquitin-like modifier-activating enzyme ATG7 OS=Homo sapiens OX=9606 GN=ATG7 PE=1 SV=1,MAAATGDPGLSKLQFAPFSSALDVGFWHELTQKKLNEYRLDEAPKDIKGYYYNGDSAGLPARLTLEFSAFDMSAPTPARCCPAIGTLYNTNTLESFKTADKKLLLEQAANEIWESIKSGTALENPVLLNKFLLLTFADLKKYHFYYWFCYPALCLPESLPLIQGPVGLDQRFSLKQIEALECAYDNLCQTEGVTALPYFLIKYDENMVLVSLLKHYSDFFQGQRTKITIGVYDPCNLAQYPGWPLRNFLVLAAHRWSSSFQSVEVVCFRDRTMQGARDVAHSIIFEVKLPEMAFSPDCPKAVGWEKNQKGGMGPRMVNLSECMDPKRLAESSVDLNLKLMCWRLVPTLDLDKVVSVKCLLLGAGTLGCNVARTLMGWGVRHITFVDNAKISYSNPVRQPLYEFEDCLGGGKPKALAAADRLQKIFPGVNARGFNMSIPMPGHPVNFSSVTLEQARRDVEQLEQLIESHDVVFLLMDTRESRWLPAVIAASKRKLVINAALGFDTFVVMRHGLKKPKQQGAGDLCPNHPVASADLLGSSLFANIPGYKLGCYFCNDVVAPGDSTRDRTLDQQCTVSRPGLAVIAGALAVELMVSVLQHPEGGYAIASSSDDRMNEPPTSLGLVPHQIRGFLSRFDNVLPVSLAFDKCTACSSKVLDQYEREGFNFLAKVFNSSHSFLEDLTGLTLLHQETQAAEIWDMSDDETI
ASXL1,Q8IXJ9,ASXL1_HUMAN Putative Polycomb group protein ASXL1 OS=Homo sapiens OX=9606 GN=ASXL1 PE=1 SV=4,MKDKQKKKKERTWAEAARLVLENYSDAPMTPKQILQVIEAEGLKEMRSGTSPLACLNAMLHSNSRGGEGLFYKLPGRISLFTLKKDALQWSRHPATVEGEEPEDTADVESCGSNEASTVSGENDVSLDETSSNASCSTESQSRPLSNPRDSYRASSQANKQKKKTGVMLPRVVLTPLKVNGAHVESASGFSGCHADGESGSPSSSSSGSLALGSAAIRGQAEVTQDPAPLLRGFRKPATGQMKRNRGEEIDFETPGSILVNTNLRALINSRTFHALPSHFQQQLLFLLPEVDRQVGTDGLLRLSSSALNNEFFTHAAQSWRERLADGEFTHEMQVRIRQEMEKEKKVEQWKEKFFEDYYGQKLGLTKEESLQQNVGQEEAEIKSGLCVPGESVRIQRGPATRQRDGHFKKRSRPDLRTRARRNLYKKQESEQAGVAKDAKSVASDVPLYKDGEAKTDPAGLSSPHLPGTSSAAPDLEGPEFPVESVASRIQAEPDNLARASASPDRIPSLPQETVDQEPKDQKRKSFEQAASASFPEKKPRLEDRQSFRNTIESVHTEKPQPTKEEPKVPPIRIQLSRIKPPWVVKGQPTYQICPRIIPTTESSCRGWTGARTLADIKARALQVRGARGHHCHREAATTAIGGGGGPGGGGGGATDEGGGRGSSSGDGGEACGHPEPRGGPSTPGKCTSDLQRTQLLPPYPLNGEHTQAGTAMSRARREDLPSLRKEESCLLQRATVGLTDGLGDASQLPVAPTGDQPCQALPLLSSQTSVAERLVEQPQLHPDVRTECESGTTSWESDDEEQGPTVPADNGPIPSLVGDDTLEKGTGQALDSHPTMKDPVNVTPSSTPESSPTDCLQNRAFDDELGLGGSCPPMRESDTRQENLKTKALVSNSSLHWIPIPSNDEVVKQPKPESREHIPSVEPQVGEEWEKAAPTPPALPGDLTAEEGLDPLDSLTSLWTVPSRGGSDSNGSYCQQVDIEKLKINGDSEALSPHGESTDTASDFEGHLTEDSSEADTREAAVTKGSSVDKDEKPNWNQSAPLSKVNGDMRLVTRTDGMVAPQSWVSRVCAVRQKIPDSLLLASTEYQPRAVCLSMPGSSVEATNPLVMQLLQGSLPLEKVLPPAHDDSMSESPQVPLTKDQSHGSLRMGSLHGLGKNSGMVDGSSPSSLRALKEPLLPDSCETGTGLARIEATQAPGAPQKNCKAVPSFDSLHPVTNPITSSRKLEEMDSKEQFSSFSCEDQKEVRAMSQDSNSNAAPGKSPGDLTTSRTPRFSSPNVISFGPEQTGRALGDQSNVTGQGKKLFGSGNVAATLQRPRPADPMPLPAEIPPVFPSGKLGPSTNSMSGGVQTPREDWAPKPHAFVGSVKNEKTFVGGPLKANAENRKATGHSPLELVGHLEGMPFVMDLPFWKLPREPGKGLSEPLEPSSLPSQLSIKQAFYGKLSKLQLSSTSFNYSSSSPTFPKGLAGSVVQLSHKANFGASHSASLSLQMFTDSSTVESISLQCACSLKAMIMCQGCGAFCHDDCIGPSKLCVLCLVVR
ACVR1,Q04771,ACVR1_HUMAN Activin receptor type-1 OS=Homo sapiens OX=9606 GN=ACVR1 PE=1 SV=1,MVDGVMILPVLIMIALPSPSMEDEKPKVNPKLYMCVCEGLSCGNEDHCEGQQCFSSLSINDGFHVYQKGCFQVYEQGKMTCKTPPSPGQAVECCQGDWCNRNITAQLPTKGKSFPGTQNFHLEVGLIILSVVFAVCLLACLLGVALRKFKRRNQERLNPRDVEYGTIEGLITTNVGDSTLADLLDHSCTSGSGSGLPFLVQRTVARQITLLECVGKGRYGEVWRGSWQGENVAVKIFSSRDEKSWFRETELYNTVMLRHENILGFIASDMTSRHSSTQLWLITHYHEMGSLYDYLQLTTLDTVSCLRIVLSIASGLAHLHIEIFGTQGKPAIAHRDLKSKNILVKKNGQCCIADLGLAVMHSQSTNQLDVGNNPRVGTKRYMAPEVLDETIQVDCFDSYKRVDIWAFGLVLWEVARRMVSNGIVEDYKPPFYDVVPNDPSFEDMRKVVCVDQQRPNIPNRWFSDPTLTSLAKLMKECWYQNPSARLTALRIKKTLTKIDNSLDKLKTDC
